Month,Value
2007-01-01,5029.123264804412
2007-02-01,5368.530422403119
2007-03-01,4937.114973438228
2007-04-01,5126.498529052678
2007-05-01,5181.954457296469
2007-06-01,4922.600557435678
2007-07-01,5550.106854196051
2007-08-01,5616.73290945057
2007-09-01,5612.732499442864
2007-10-01,5612.938100083982
2007-11-01,5306.22148644929
2007-12-01,5706.603648043837
2008-01-01,5809.556516163078
2008-02-01,5734.349125293004
2008-03-01,6025.96415149475
2008-04-01,6295.5049442693235
2008-05-01,6880.034906110417
2008-06-01,6377.726197828114
2008-07-01,6486.605102312774
2008-08-01,6451.852735616961
2008-09-01,5885.989434924312
2008-10-01,6629.241849012639
2008-11-01,6740.7993962961355
2008-12-01,7681.7803803788165
2009-01-01,6812.462716754968
2009-02-01,7072.73987791169
2009-03-01,7032.469241032886
2009-04-01,6697.3334199036335
2009-05-01,7632.786602472707
2009-06-01,7572.482835636634
2009-07-01,7671.875134526375
2009-08-01,7114.370814284682
2009-09-01,8074.975741477101
2009-10-01,7088.144512866605
2009-11-01,7934.960629272029
2009-12-01,8642.623461230614
2010-01-01,7490.442922651746
2010-02-01,7739.258806380334
2010-03-01,8086.050097827001
2010-04-01,7931.360847216117
2010-05-01,7596.045877231934
2010-06-01,8330.326288864151
2010-07-01,7957.757278103037
2010-08-01,8667.904481405716
2010-09-01,8183.549025846735
2010-10-01,9287.859321996815
2010-11-01,8408.998903866943
2010-12-01,8686.969821178403
2011-01-01,9251.15999160815
2011-02-01,8475.818380513016
2011-03-01,9181.306164888081
2011-04-01,9732.262921903683
2011-05-01,8568.735604475201
2011-06-01,9429.614713832767
2011-07-01,9551.74959758608
2011-08-01,9870.251153490499
2011-09-01,9071.926595503712
2011-10-01,9121.451721382475
2011-11-01,10029.240351434903
2011-12-01,10019.866052312507
2012-01-01,10090.057638103306
2012-02-01,10224.834627176808
2012-03-01,9848.767197616558
2012-04-01,10356.30731292229
2012-05-01,10476.328234501561
2012-06-01,10101.972754534881
2012-07-01,11393.992629969967
2012-08-01,10838.945592726617
2012-09-01,10148.521441380526
2012-10-01,11112.916912116563
2012-11-01,10431.222229743316
2012-12-01,11364.767566500343
2013-01-01,11638.838458253345
2013-02-01,10778.617252946606
2013-03-01,11737.41915274582
2013-04-01,11565.095298440627
2013-05-01,11861.512089307364
2013-06-01,12488.617689160043
2013-07-01,11525.851831952548
2013-08-01,11367.027224733001
2013-09-01,11392.559957119789
2013-10-01,11523.140983304616
2013-11-01,11990.857193367288
2013-12-01,12299.573025692216
2014-01-01,12363.949178154106
2014-02-01,12744.074328482739
2014-03-01,12422.936884545246
2014-04-01,13267.239176681509
2014-05-01,12473.004777461467
2014-06-01,14132.97350583493
2014-07-01,13135.803815330124
2014-08-01,12451.720360292325
2014-09-01,12434.522510240478
2014-10-01,13359.548383355634
2014-11-01,13081.23905053763
2014-12-01,13684.922848927243
2015-01-01,13655.90694025776
2015-02-01,13459.934406162842
2015-03-01,13136.985203564227
2015-04-01,12868.517409403712
2015-05-01,13554.138649071772
2015-06-01,14375.284823104335
2015-07-01,14121.141772116047
2015-08-01,13407.194154532415
2015-09-01,14302.025645162947
2015-10-01,14523.832463602168
2015-11-01,13908.044345372247
2015-12-01,14598.316575758534
2016-01-01,14646.651547339075
2016-02-01,14060.25316546453
2016-03-01,15025.418646906839
2016-04-01,15247.111767634313
2016-05-01,15655.703056444043
2016-06-01,15745.13037273919
2016-07-01,14425.922854653218
2016-08-01,14785.795665742471
2016-09-01,15747.286950812893
2016-10-01,15852.63428651213
2016-11-01,15959.725661284841
2016-12-01,18065.57594867611
2017-01-01,16206.756981688959
2017-02-01,16655.07191737562
2017-03-01,16653.85860351689
2017-04-01,16578.2625517536
2017-05-01,16095.293423209687
2017-06-01,18732.43535623179
2017-07-01,17896.932040127664
2017-08-01,18334.15005717786
2017-09-01,20090.30261980455
2017-10-01,20550.933400761347
2017-11-01,22058.353967800787
2017-12-01,19541.460819901535
2018-01-01,21258.30779599987
2018-02-01,19910.92409038719
2018-03-01,20742.278453513725
2018-04-01,21848.143163562065
2018-05-01,21302.93254914182
2018-06-01,20677.223290415113
2018-07-01,21019.01646070392
2018-08-01,22033.204478488307
2018-09-01,21226.558593840986
2018-10-01,21955.059910448137
2018-11-01,21954.47641233595
2018-12-01,21606.30856780725
2019-01-01,23566.401318794236
2019-02-01,22680.511694266395
2019-03-01,21021.069693206286
2019-04-01,22608.677457135826
2019-05-01,22151.870900526214
2019-06-01,23284.23127955624
2019-07-01,22286.057740950877
2019-08-01,22857.93206582983
2019-09-01,23393.872799350458
2019-10-01,23755.94516252251
2019-11-01,22453.016476837583
2019-12-01,23161.311795343237
2020-01-01,23177.933255455162
2020-02-01,23167.75331079796
2020-03-01,24967.116003928597
2020-04-01,24135.3058288501
2020-05-01,23082.522576541127
2020-06-01,25916.80650492893
2020-07-01,26886.749770416587
2020-08-01,26235.305283059166
2020-09-01,24537.502576709943
2020-10-01,25390.2813238074
2020-11-01,26761.95413317969
2020-12-01,25461.654362854628
2021-01-01,26409.052376564974
2021-02-01,26767.809740199722
2021-03-01,25650.66661556575
2021-04-01,26399.669614224822
2021-05-01,24188.657155452813
2021-06-01,25928.13213029469
2021-07-01,26613.72166958374
2021-08-01,25996.36944669558
2021-09-01,28250.640448973543
2021-10-01,26093.933137059976
2021-11-01,26950.37502164226
2021-12-01,27497.666270633
2022-01-01,28604.561837188903
2022-02-01,26557.553019492647
2022-03-01,28643.361439452343
2022-04-01,27891.749960295387
2022-05-01,27257.473600182337
2022-06-01,28481.08348928165
2022-07-01,28402.620548434417
2022-08-01,27910.26988613133
2022-09-01,28548.983034857243
2022-10-01,28319.477631389887
2022-11-01,28829.523375167668
2022-12-01,29381.15358469986
2023-01-01,30229.41113829812
2023-02-01,28140.88735761262
2023-03-01,30916.348306435953
2023-04-01,27819.159047406603
2023-05-01,29365.67067153144
2023-06-01,30078.648879633285
2023-07-01,29960.28832917734
2023-08-01,29363.543110116392
